# slug	repository	path	requested_ref	adapter	smoke	local_safe	requires_authority	pin	resolution	smoke_standing
agentbench	https://github.com/THUDM/AgentBench.git	vendor/gyms/agentbench	HEAD	NATIVE_COMMAND	none	true	false	d1e4a10db08c87075c78972e48ecc182be03e2d5	PINNED	NOT_RUN
agentdojo	https://github.com/ethz-spylab/agentdojo.git	vendor/gyms/agentdojo	HEAD	NATIVE_COMMAND	none	true	false	089ed468cf3ed0322acc66b0211f26d9d90dbf60	PINNED	NOT_RUN
agentgym	https://github.com/WooooDyy/AgentGym.git	vendor/gyms/agentgym	HEAD	GYMNASIUM	none	true	false	3ef9235d23e68e7c2920c5422ad957dc8ced5c6c	PINNED	NOT_RUN
agentlab	https://github.com/ServiceNow/AgentLab.git	vendor/gyms/agentlab	HEAD	BROWSERGYM	none	true	false	cbc35a9bc0facaf731bc858c5825edbe757c719f	PINNED	NOT_RUN
aiopslab	https://github.com/microsoft/AIOpsLab.git	vendor/gyms/aiopslab	HEAD	KUBERNETES	none	false	false	80901cc77de13a8fb35dc0e3feff78ca09fd6ae4	PINNED	NOT_RUN
androidworld	https://github.com/google-research/android_world.git	vendor/gyms/androidworld	HEAD	NATIVE_COMMAND	none	false	false	3e50888527ef9f29b9157ecd537e408008bb1c85	PINNED	NOT_RUN
asb	https://github.com/agiresearch/ASB.git	vendor/gyms/asb	HEAD	NATIVE_COMMAND	none	true	false	1f561dccf92d55302368fa67679b4ba9d9c8fdc4	PINNED	NOT_RUN
assetopsbench	https://github.com/IBM/AssetOpsBench.git	vendor/gyms/assetopsbench	HEAD	NATIVE_COMMAND	none	true	false	e11d1c1b2022db0396364a6d66e24168955a3bb7	PINNED	NOT_RUN
azuregoat	https://github.com/ine-labs/AzureGoat.git	vendor/gyms/azuregoat	HEAD	TERRAFORM	none	false	true	b97045952e6df00de735a7f27fd7c4994dcfe8c0	PINNED	NOT_RUN
bountytasks	https://github.com/bountybench/bountytasks.git	vendor/gyms/bountytasks	HEAD	NATIVE_COMMAND	none	false	false	1956e5fd4eff12034a5fbe0544482d2cf52bb5b0	PINNED	NOT_RUN
browsergym	https://github.com/ServiceNow/BrowserGym.git	vendor/gyms/browsergym	HEAD	BROWSERGYM	core	true	false	9e779f087de9a65668b6974d11f9ce9816026e96	PINNED	BOOTSTRAPS
cloudfoxable	https://github.com/BishopFox/cloudfoxable.git	vendor/gyms/cloudfoxable	HEAD	TERRAFORM	none	false	true	fc49b7f637268031515ced9fee4b643d3e68db67	PINNED	NOT_RUN
cloudgoat	https://github.com/RhinoSecurityLabs/cloudgoat.git	vendor/gyms/cloudgoat	HEAD	TERRAFORM	none	false	true	abf1ba8f5e47d7ced750fdfa025d51c99f1a43ed	PINNED	NOT_RUN
crmarena	https://github.com/SalesforceAIResearch/CRMArena.git	vendor/gyms/crmarena	HEAD	NATIVE_COMMAND	none	false	false	a37d882c3a947f0330a907f513b90a7f08b9c532	PINNED	NOT_RUN
cube-harness	https://github.com/The-AI-Alliance/cube-harness.git	vendor/gyms/cube-harness	HEAD	CUBE	none	true	false	126989d75eb156949af37cd182fe9b0d69d94434	PINNED	NOT_RUN
cube-standard	https://github.com/The-AI-Alliance/cube-standard.git	vendor/gyms/cube-standard	HEAD	CUBE	core	true	false	9ca7c062d211450df05eb8318a1e847b5373b689	PINNED	SCENARIO_RUNS
cybench	https://github.com/andyzorigin/cybench.git	vendor/gyms/cybench	HEAD	NATIVE_COMMAND	none	true	false	1097a7226eb034d3821208114da38f10b8627ab1	PINNED	NOT_RUN
cybergym-e2e	https://github.com/sunblaze-ucb/cybergym-e2e.git	vendor/gyms/cybergym-e2e	HEAD	NATIVE_COMMAND	none	false	false	b861317f11641b14ab6ba08b5179d0b044601057	PINNED	NOT_RUN
devops-gym	https://github.com/ucsb-mlsec/DevOps-Gym.git	vendor/gyms/devops-gym	HEAD	NATIVE_COMMAND	none	false	false	9bbe3f0de632299faa9102b282ebc9ea4a516d67	PINNED	NOT_RUN
doomarena	https://github.com/ServiceNow/DoomArena.git	vendor/gyms/doomarena	HEAD	BROWSERGYM	none	false	false	b80902f107b4d28194580352a59b3029f4a018b4	PINNED	NOT_RUN
enterprisebench	https://github.com/ast-fri/EnterpriseBench.git	vendor/gyms/enterprisebench	HEAD	NATIVE_COMMAND	none	false	false	6b3c501763645cbe1d7f314c6481643f6cd0c52e	PINNED	NOT_RUN
gcpgoat	https://github.com/ine-labs/GCPGoat.git	vendor/gyms/gcpgoat	HEAD	TERRAFORM	none	false	true	44605c4bff4b2da7611dfce78696bb53db6d8c54	PINNED	NOT_RUN
general-agentbench	https://github.com/cxcscmu/General-AgentBench.git	vendor/gyms/general-agentbench	HEAD	NATIVE_COMMAND	none	true	false	35f5c027c31ddcb3366b28674c6cb2957460c0e2	PINNED	NOT_RUN
harbor	https://github.com/harbor-framework/harbor.git	vendor/gyms/harbor	HEAD	HARBOR	core	true	false	e485e8a6c538a3ba42fe890e61fbd14572c590aa	PINNED	BOOTSTRAPS
inspect-evals	https://github.com/UKGovernmentBEIS/inspect_evals.git	vendor/gyms/inspect-evals	HEAD	NATIVE_COMMAND	none	true	false	b935c0e5cfa04710f016f925db75d8e81413e2cf	PINNED	NOT_RUN
itbench	https://github.com/itbench-hub/ITBench.git	vendor/gyms/itbench	HEAD	KUBERNETES	none	false	false	c8ad897d3ab455b3727c76b2467f0ad41b49c44b	PINNED	NOT_RUN
kubernetes-goat	https://github.com/madhuakula/kubernetes-goat.git	vendor/gyms/kubernetes-goat	HEAD	KUBERNETES	none	false	false	723a0db478f050d173d23b4ce5044b65bce0bdd0	PINNED	NOT_RUN
mcp-bench	https://github.com/Accenture/mcp-bench.git	vendor/gyms/mcp-bench	HEAD	MCP	none	false	false	7a8eaeae83a842a2949080acc5473f65e1569daf	PINNED	NOT_RUN
mcp-universe	https://github.com/SalesforceAIResearch/MCP-Universe.git	vendor/gyms/mcp-universe	HEAD	MCP	none	false	false	48b453021694d9823d308627fb7f6b7edd29541a	PINNED	NOT_RUN
mcpmark	https://github.com/eval-sys/mcpmark.git	vendor/gyms/mcpmark	HEAD	MCP	none	true	false	cd45b7f57923b9b3985467f5139927575f83141c	PINNED	NOT_RUN
o11y-bench	https://github.com/grafana/o11y-bench.git	vendor/gyms/o11y-bench	HEAD	NATIVE_COMMAND	none	true	false	867100cb314cf12dee039c3ef5b2534ccfe56919	PINNED	NOT_RUN
osworld	https://github.com/xlang-ai/OSWorld.git	vendor/gyms/osworld	HEAD	CUBE	none	false	false	091f5ef1d5544bc74953c77875d5feb5bed30108	PINNED	NOT_RUN
qqr	https://github.com/Alibaba-NLP/qqr.git	vendor/gyms/qqr	HEAD	NATIVE_COMMAND	none	true	false	d5c5bafb86bdc2cf471d0e2bef4cb2e645daf3f8	PINNED	NOT_RUN
r2e-gym	https://github.com/R2E-Gym/R2E-Gym.git	vendor/gyms/r2e-gym	HEAD	NATIVE_COMMAND	none	true	false	0d94c4eb9431cd195c55a7ea3abd54006c9a1735	PINNED	NOT_RUN
rcaeval	https://github.com/phamquiluan/RCAEval.git	vendor/gyms/rcaeval	HEAD	NATIVE_COMMAND	none	true	false	4695aa69f4f1f57b9094ca04ff235908b73a8e24	PINNED	NOT_RUN
sadservers	https://github.com/SadServers/sadservers.git	vendor/gyms/sadservers	HEAD	NATIVE_COMMAND	none	false	false	64a06f8531528e9c08911c96ff809f8dc41f86c2	PINNED	NOT_RUN
scuba	https://github.com/SalesforceAIResearch/SCUBA.git	vendor/gyms/scuba	HEAD	NATIVE_COMMAND	none	true	false	b988d167004d7ea207332eff8d55b0691d8cadf9	PINNED	NOT_RUN
sec-bench	https://github.com/SEC-bench/SEC-bench.git	vendor/gyms/sec-bench	HEAD	NATIVE_COMMAND	none	true	false	31eb43485a3de47da260be0f978528b1f2314415	PINNED	NOT_RUN
sre-bench	https://github.com/agentkube/SRE-bench.git	vendor/gyms/sre-bench	HEAD	KUBERNETES	none	false	false	a85eecdbd09e7ab04ff9bd5b00ecd3e9bc4464c1	PINNED	NOT_RUN
sregym	https://github.com/SREGym/SREGym.git	vendor/gyms/sregym	HEAD	KUBERNETES	none	false	false	ba07faf1a322f9b6d4a279643bb796aa2f36f64b	PINNED	NOT_RUN
st-webagentbench	https://github.com/segev-shlomov/ST-WebAgentBench.git	vendor/gyms/st-webagentbench	HEAD	BROWSERGYM	none	false	false	67f56dd7df9eca1646c9e49407b087e950aa1e77	PINNED	NOT_RUN
swe-bench	https://github.com/SWE-bench/SWE-bench.git	vendor/gyms/swe-bench	HEAD	HARBOR	none	true	false	f7bbbb2ccdf479001d6467c9e34af59e44a840f9	PINNED	NOT_RUN
tau2-bench	https://github.com/sierra-research/tau2-bench.git	vendor/gyms/tau2-bench	HEAD	NATIVE_COMMAND	none	true	false	668d3bcd135c02aa3438f987ef45735b7c163ee3	PINNED	NOT_RUN
terminal-bench	https://github.com/harbor-framework/terminal-bench-2.git	vendor/gyms/terminal-bench	HEAD	HARBOR	none	true	false	2fd12b88aafdd04a52c298e3940bcb189f9766d6	PINNED	NOT_RUN
terminal-bench-pro	https://github.com/alibaba/terminal-bench-pro.git	vendor/gyms/terminal-bench-pro	HEAD	HARBOR	none	true	false	874af409da6aafebccbf3bc5bb41a2fa4d78784d	PINNED	NOT_RUN
terragoat	https://github.com/bridgecrewio/terragoat.git	vendor/gyms/terragoat	HEAD	TERRAFORM	none	true	false	729f8da62c6a85ce4af5ad3d123de97776d954c4	PINNED	NOT_RUN
the-agent-company	https://github.com/TheAgentCompany/TheAgentCompany.git	vendor/gyms/the-agent-company	HEAD	NATIVE_COMMAND	none	false	false	98b68ef82a47690c316f42fddb05baafaab56851	PINNED	NOT_RUN
toolsandbox	https://github.com/apple/ToolSandbox.git	vendor/gyms/toolsandbox	HEAD	NATIVE_COMMAND	none	true	false	165848b9a78cead7ca7fe7c89c688b58e6501219	PINNED	NOT_RUN
tua-bench	https://github.com/facebookresearch/TUA-Bench.git	vendor/gyms/tua-bench	HEAD	NATIVE_COMMAND	none	true	false	3497fd320abcafaf4797424192c891a593fd7964	PINNED	NOT_RUN
webarena	https://github.com/web-arena-x/webarena.git	vendor/gyms/webarena	HEAD	BROWSERGYM	none	false	false	dce04686a56253aefba7b18a4fa0937cf1dc987b	PINNED	NOT_RUN
wonderbread	https://github.com/HazyResearch/wonderbread.git	vendor/gyms/wonderbread	HEAD	NATIVE_COMMAND	none	true	false	ed052c67aeada04167cdfe92ff8de454aa94627a	PINNED	NOT_RUN
workarena	https://github.com/ServiceNow/WorkArena.git	vendor/gyms/workarena	HEAD	BROWSERGYM	none	false	false	a772230a94cf1caf4166b8ead3983f3b3786455b	PINNED	NOT_RUN
